T,Flux,E
5376.62611,14.723,0.003
5376.63884,14.726,0.003
5376.65245,14.731,0.004
5376.66509,14.730,0.004
5376.67973,14.739,0.003
5376.69289,14.729,0.003
5376.70595,14.721,0.003
5376.71870,14.728,0.003
5376.73108,14.734,0.003
5376.74421,14.722,0.003
5376.75706,14.721,0.004
5376.76991,14.724,0.003
5376.78250,14.722,0.003
5376.79523,14.726,0.003
5376.80805,14.730,0.003
5376.82069,14.725,0.003
5376.83323,14.724,0.003
5376.84598,14.771,0.003
5376.85861,14.727,0.003
5376.87112,14.746,0.004
5377.51471,14.719,0.004
5377.52797,14.727,0.003
5377.54077,14.729,0.003
5377.55672,14.723,0.003
5377.57079,14.722,0.003
5377.58530,14.733,0.004
5377.59804,14.726,0.004
5377.61073,14.731,0.004
5377.62348,14.726,0.003
5377.64441,14.722,0.003
5377.66422,14.728,0.003
5377.67879,14.724,0.003
5377.69706,14.728,0.003
5377.71007,14.726,0.003
5377.72774,14.753,0.003
5377.74063,14.762,0.003
5377.75313,14.767,0.003
5377.77074,14.770,0.003
5377.78335,14.763,0.003
5377.79583,14.768,0.003
5377.80847,14.759,0.003
5377.82104,14.763,0.003
5377.83401,14.762,0.003
5377.84668,14.749,0.003
5377.85922,14.731,0.003
5378.48834,14.724,0.003
5378.50287,14.718,0.003
5378.51700,14.723,0.003
5378.53079,14.722,0.003
5378.54450,14.720,0.003
5378.55864,14.715,0.003
5378.57252,14.723,0.003
5378.58659,14.721,0.003
5378.60084,14.721,0.003
5378.61488,14.721,0.003
5378.62918,14.729,0.003
5378.64332,14.736,0.003
5378.65908,14.721,0.003
5378.67491,14.720,0.003
5378.68918,14.728,0.003
5378.70367,14.729,0.003
5378.71815,14.730,0.003
5378.73106,14.731,0.003
5378.74386,14.725,0.003
5378.75647,14.726,0.003
5378.76910,14.728,0.003
5379.48641,14.713,0.003
5379.49900,14.725,0.003
5379.51160,14.719,0.003
5379.52435,14.718,0.003
5379.53835,14.726,0.003
5379.55269,14.723,0.003
5379.56700,14.723,0.003
5379.58126,14.722,0.003
5379.59509,14.721,0.003
5379.60906,14.726,0.003
5379.62322,14.722,0.003
5379.63789,14.724,0.003
5379.65281,14.722,0.003
5379.68162,14.728,0.003
5379.71019,14.728,0.003
5379.72430,14.721,0.003
5380.49787,14.720,0.003
5380.51041,14.727,0.003
5380.52310,14.721,0.003
5380.53571,14.715,0.003
5380.54955,14.719,0.003
5380.56359,14.725,0.003
5380.57757,14.724,0.003
5380.59147,14.720,0.003
5380.60540,14.723,0.003
5380.61934,14.719,0.003
5380.63337,14.724,0.003
5380.64767,14.723,0.003
5380.66335,14.723,0.003
5380.67831,14.721,0.003
5380.69246,14.728,0.003
5380.70597,14.723,0.003
5380.71889,14.725,0.003
5380.73158,14.726,0.003
5380.74435,14.728,0.003
5380.75711,14.728,0.003
5380.76961,14.731,0.003
5380.78233,14.726,0.003
5380.79497,14.730,0.003
5380.80771,14.720,0.003
5380.83286,14.724,0.004
5380.84572,14.730,0.004
5381.51964,14.712,0.004
5381.53261,14.734,0.004
5381.54522,14.731,0.003
5381.55773,14.716,0.003
5381.57017,14.712,0.003
5381.58274,14.713,0.004
5381.59552,14.731,0.004
5381.61033,14.723,0.004
5381.64153,14.725,0.004
5381.65465,14.718,0.004
5381.66891,14.716,0.003
5381.68275,14.719,0.003
5381.69545,14.718,0.003
5381.70803,14.717,0.003
5381.72072,14.730,0.004
5381.73344,14.726,0.003
5381.74613,14.726,0.004
5381.75902,14.719,0.004
5381.77164,14.744,0.004
5381.79307,14.733,0.004
5381.80579,14.732,0.003
5381.81849,14.729,0.003
5381.83118,14.727,0.004
5381.84393,14.734,0.004
5381.85655,14.732,0.004
5382.52142,14.720,0.003
5382.53396,14.720,0.003
5382.54641,14.712,0.004
5382.55898,14.720,0.004
5382.57834,14.725,0.004
5382.59604,14.707,0.004
5382.60841,14.726,0.004
5382.62127,14.716,0.003
5382.63364,14.730,0.004
5382.64633,14.726,0.003
5382.66260,14.724,0.003
5382.67542,14.719,0.003
5382.68811,14.711,0.003
5382.70259,14.717,0.003
5382.71531,14.718,0.003
5382.72793,14.718,0.003
5382.74063,14.713,0.003
5382.75321,14.711,0.004
5382.76572,14.708,0.004
5382.78536,14.719,0.004
5382.80340,14.710,0.004
5382.81644,14.721,0.004
5382.82915,14.721,0.004
5383.68744,14.713,0.004
5383.74562,14.720,0.004
5383.75829,14.719,0.004
5384.53349,14.724,0.004
5384.77045,14.721,0.003
5384.78294,14.710,0.004
5384.79557,14.715,0.004
5384.80859,14.718,0.004
5384.83994,14.710,0.004
5384.85299,14.723,0.004
5385.46616,14.723,0.003
5385.47924,14.723,0.003
5385.49274,14.728,0.003
5385.50539,14.716,0.003
5385.56173,14.714,0.003
5386.46528,14.727,0.003
5386.49714,14.723,0.003
5386.52095,14.720,0.003
5386.57937,14.731,0.003
5386.60305,14.734,0.003
5387.46503,14.726,0.003
5387.49942,14.723,0.003
5387.53620,14.720,0.003
5387.57043,14.728,0.003
5387.60842,14.714,0.003
5388.46320,14.747,0.004
5388.47576,14.767,0.003
5388.48832,14.763,0.003
5388.50083,14.762,0.003
5388.51362,14.761,0.003
5388.52636,14.744,0.003
5388.56074,14.728,0.003
5388.60083,14.718,0.003
5389.46278,14.719,0.004
5389.47631,14.717,0.004
5389.48904,14.721,0.004
5389.50165,14.722,0.003
5389.51443,14.709,0.003
5389.52714,14.723,0.003
5389.54015,14.731,0.003
5389.57820,14.726,0.003
5389.61243,14.724,0.003
5389.64692,14.721,0.003
5390.46350,14.729,0.004
5390.51829,14.733,0.004
5390.53495,14.737,0.004
5390.54764,14.764,0.004
5390.56030,14.760,0.003
5390.58061,14.759,0.003
5390.59346,14.758,0.003
5390.60619,14.771,0.004
5390.64584,14.766,0.003
5390.66635,14.740,0.003
5390.67897,14.738,0.004
5390.69211,14.731,0.003
5390.71603,14.722,0.003
5390.72915,14.735,0.003
5390.74158,14.730,0.003
5390.75430,14.724,0.003
5390.76698,14.730,0.003
5390.77958,14.724,0.003
5390.79214,14.727,0.003
5390.80472,14.742,0.003
5390.81721,14.726,0.003
5390.82965,14.743,0.004
5391.46963,14.708,0.004
5391.50184,14.731,0.004
5391.51530,14.722,0.003
5391.52920,14.720,0.003
5391.54172,14.734,0.004
5391.55409,14.726,0.004
5391.56654,14.745,0.004
5391.57912,14.721,0.003
5391.61366,14.731,0.003
5391.65011,14.733,0.003
5391.68838,14.734,0.003
5391.72292,14.726,0.003
5391.75716,14.728,0.003
5391.81885,14.716,0.003
5391.83135,14.722,0.003
5391.84369,14.739,0.003
5392.46626,14.727,0.004
5392.47897,14.742,0.003
5392.49144,14.734,0.003
5392.50408,14.727,0.003
5392.51684,14.731,0.003
5392.53017,14.736,0.003
5392.54306,14.728,0.003
5392.55682,14.740,0.003
5392.59160,14.734,0.003
5392.62646,14.731,0.003
5392.66324,14.742,0.003
5392.70172,14.776,0.003
5392.73657,14.772,0.003
5392.77119,14.768,0.003
5392.78370,14.776,0.003
5392.79630,14.771,0.003
5392.80887,14.740,0.003
5392.82133,14.740,0.003
5392.83379,14.754,0.004
5393.62426,14.741,0.004
5393.63669,14.735,0.004
5393.65088,14.726,0.004
5393.66372,14.743,0.004
5393.67640,14.725,0.003
5393.68936,14.723,0.003
5393.70206,14.733,0.004
5393.71460,14.725,0.004
5393.72729,14.726,0.004
5393.74235,14.734,0.004
5393.75993,14.731,0.004
5393.77278,14.737,0.004
5393.78557,14.731,0.004
5393.79805,14.724,0.004
5393.81065,14.726,0.004
5393.82330,14.749,0.004
5393.83590,14.739,0.004
5395.80661,14.725,0.004
5395.81652,14.722,0.003
5395.82889,14.725,0.004
5396.52363,14.733,0.004
5396.53617,14.741,0.004
5396.57082,14.728,0.003
5396.59792,14.725,0.003
5396.61137,14.723,0.003
5396.62458,14.729,0.003
5396.66103,14.727,0.003
5396.67365,14.731,0.003
5396.70824,14.736,0.003
5396.72069,14.735,0.003
5396.75549,14.737,0.003
5396.76807,14.730,0.003
5396.78081,14.736,0.003
5396.79350,14.746,0.003
5396.80623,14.736,0.004
5397.58599,14.738,0.004
5397.60274,14.727,0.003
5397.61615,14.752,0.004
5397.63584,14.759,0.004
5397.64880,14.744,0.003
5397.66147,14.721,0.003
5397.67406,14.735,0.003
5397.68662,14.736,0.004
5397.69927,14.734,0.004
5397.71177,14.739,0.004
5402.51595,14.762,0.005
5402.60679,14.804,0.006
5402.65067,14.746,0.004
5402.68053,14.732,0.004
5403.46700,14.763,0.003
5403.47936,14.740,0.003
5403.49198,14.733,0.003
5403.50445,14.719,0.003
5403.51694,14.723,0.003
5403.52914,14.728,0.003
5403.54169,14.730,0.003
5403.55408,14.727,0.003
5403.56665,14.733,0.003
5403.57960,14.731,0.003
5403.59285,14.739,0.003
5403.60645,14.703,0.003
5403.62089,14.731,0.003
5403.63368,14.731,0.003
5403.64647,14.728,0.003
5403.65948,14.727,0.003
5403.67195,14.723,0.003
5403.68453,14.722,0.003
5403.69728,14.727,0.003
5403.71280,14.732,0.003
5403.72552,14.720,0.003
5403.73810,14.731,0.003
5403.75071,14.726,0.003
5403.76333,14.727,0.003
5403.77603,14.736,0.004
5403.78856,14.735,0.003
5404.46725,14.727,0.003
5404.47980,14.716,0.003
5404.49245,14.722,0.003
5404.50515,14.719,0.003
5404.51767,14.714,0.003
5404.53027,14.732,0.003
5404.54295,14.738,0.003
5404.55547,14.734,0.003
5404.56798,14.732,0.003
5404.58076,14.738,0.003
5404.59386,14.728,0.003
5404.60778,14.732,0.003
5404.62129,14.737,0.003
5404.63647,14.734,0.003
5404.64992,14.725,0.003
5404.66333,14.722,0.003
5404.67603,14.730,0.003
5404.68981,14.730,0.003
5404.70226,14.739,0.003
5404.71491,14.724,0.003
5404.72761,14.730,0.003
5404.74177,14.723,0.003
5404.75442,14.731,0.003
5404.77030,14.724,0.003
5404.78554,14.725,0.003
5405.61358,14.769,0.004
5405.62784,14.750,0.004
5405.64032,14.749,0.004
5405.65287,14.738,0.004
5405.66740,14.743,0.003
5405.68013,14.734,0.003
5405.69280,14.740,0.003
5405.70547,14.751,0.003
5405.71794,14.745,0.003
5405.73054,14.745,0.003
5405.74295,14.745,0.003
5405.75552,14.741,0.003
5405.76804,14.756,0.003
5405.78056,14.742,0.003
5405.79306,14.751,0.003
5407.46751,14.748,0.004
5407.48233,14.741,0.003
5407.49475,14.743,0.003
5407.50733,14.742,0.004
5407.52022,14.744,0.003
5407.53274,14.744,0.004
5407.54538,14.746,0.004
5407.55842,14.755,0.003
5407.57107,14.752,0.004
5407.58398,14.757,0.004
5407.59755,14.749,0.004
5407.61169,14.759,0.004
5407.62437,14.776,0.004
5407.63713,14.782,0.004
5407.64993,14.778,0.004
5407.66269,14.773,0.004
5407.67517,14.780,0.004
5407.68895,14.777,0.004
5407.70160,14.790,0.003
5407.71439,14.777,0.003
5407.72702,14.776,0.003
5407.73967,14.764,0.003
5407.75232,14.753,0.003
5407.76497,14.746,0.003
5407.77752,14.742,0.003
5408.50009,14.730,0.004
5408.51273,14.747,0.004
5408.53033,14.730,0.004
5408.54281,14.736,0.004
5408.55535,14.752,0.004
5408.57769,14.732,0.003
5408.59081,14.726,0.003
5408.60474,14.728,0.003
5408.61797,14.723,0.003
5408.63065,14.724,0.003
5408.64310,14.716,0.003
5408.65574,14.715,0.004
5408.66928,14.724,0.003
5408.68184,14.717,0.003
5408.69444,14.729,0.003
5408.70716,14.727,0.003
5408.71973,14.732,0.004
5408.73238,14.735,0.003
5408.74488,14.724,0.003
5408.75744,14.725,0.003
5408.77005,14.719,0.003
5408.78246,14.732,0.004
5409.46752,14.736,0.004
5409.48027,14.735,0.003
5409.49267,14.728,0.003
5409.50531,14.733,0.003
5409.52152,14.731,0.003
5409.55648,14.722,0.003
5409.59204,14.730,0.003
5409.62738,14.720,0.003
5409.66327,14.726,0.003
5409.69850,14.732,0.003
5409.73440,14.733,0.003
5409.74697,14.741,0.003
5409.75965,14.760,0.003
5409.77218,14.775,0.003
5409.78472,14.782,0.003
5410.46841,14.712,0.003
5410.48450,14.715,0.003
5410.49708,14.708,0.003
5410.51002,14.712,0.003
5410.52262,14.714,0.003
5410.55875,14.724,0.003
5410.59458,14.716,0.003
5410.63094,14.717,0.003
5410.66726,14.716,0.003
5410.70201,14.730,0.003
5410.73809,14.728,0.003
5410.75068,14.726,0.003
5410.76391,14.721,0.003
5410.77655,14.731,0.003
5411.47365,14.720,0.003
5411.48623,14.720,0.003
5411.49908,14.731,0.003
5411.51159,14.725,0.003
5411.52417,14.721,0.003
5411.55942,14.721,0.003
5411.59455,14.732,0.003
5411.63102,14.718,0.003
5411.66719,14.722,0.003
5411.70278,14.728,0.003
5411.73889,14.735,0.003
5411.75160,14.725,0.003
5411.76429,14.736,0.003
5411.77665,14.750,0.003
5412.51014,14.721,0.003
5412.52271,14.718,0.003
5412.53694,14.713,0.003
5412.54959,14.713,0.003
5412.56263,14.722,0.003
5412.57615,14.721,0.003
5412.58980,14.731,0.003
5412.60269,14.725,0.004
5412.61555,14.723,0.003
5412.62820,14.724,0.003
5412.64089,14.718,0.003
5412.65337,14.723,0.003
5412.67152,14.718,0.003
5412.68411,14.722,0.003
5412.69778,14.736,0.004
5412.73229,14.727,0.003
5412.75832,14.749,0.004
5413.47713,14.732,0.003
5413.48966,14.723,0.003
5413.50388,14.727,0.003
5413.51653,14.724,0.003
5413.55191,14.727,0.003
5413.58785,14.720,0.003
5413.62336,14.733,0.003
5413.65894,14.721,0.003
5413.69573,14.729,0.003
5413.73085,14.733,0.003
5413.74335,14.737,0.003
5413.75610,14.734,0.003
5413.76859,14.756,0.004
5414.47165,14.719,0.003
5414.48433,14.719,0.003
5414.49681,14.708,0.003
5414.50939,14.712,0.003
5414.52210,14.712,0.003
5414.55807,14.709,0.003
5414.59463,14.718,0.003
5414.63079,14.710,0.003
5414.66752,14.717,0.003
5414.70624,14.726,0.003
5414.74266,14.709,0.003
5414.75519,14.727,0.003
5414.76806,14.730,0.003
5416.60096,14.744,0.003
5416.61385,14.743,0.003
5416.62916,14.731,0.003
5416.64689,14.728,0.003
5416.67057,14.717,0.003
5416.68430,14.728,0.003
5416.70970,14.746,0.003
5418.53284,14.726,0.003
5418.54638,14.723,0.003
5418.56549,14.734,0.003
5418.57936,14.727,0.003
5418.59645,14.725,0.003
5418.60974,14.731,0.003
5418.62954,14.728,0.003
5418.64662,14.729,0.003
5418.66477,14.732,0.003
5418.68110,14.737,0.003
5418.69599,14.743,0.003
5418.71137,14.731,0.003
5421.48831,14.735,0.003
5421.50454,14.732,0.003
5421.51828,14.726,0.003
5421.53241,14.729,0.003
5421.54720,14.726,0.003
5421.56425,14.734,0.003
5421.57762,14.726,0.003
5421.59201,14.732,0.003
5421.60899,14.724,0.003
5421.62368,14.735,0.003
5421.63818,14.721,0.003
5421.65195,14.728,0.003
5421.66649,14.724,0.003
5421.68047,14.731,0.003
5421.69438,14.742,0.003
5421.71225,14.729,0.003
5421.72489,14.736,0.003
5422.48859,14.738,0.003
5422.50142,14.731,0.003
5422.51419,14.732,0.003
5422.52934,14.725,0.003
5422.54553,14.723,0.003
5422.56026,14.736,0.003
5422.62781,14.764,0.003
5422.66938,14.779,0.003
5422.71425,14.748,0.003
5422.75560,14.742,0.003
5423.48316,14.715,0.003
5423.49817,14.717,0.003
5423.51191,14.722,0.003
5423.52508,14.716,0.003
5423.54049,14.727,0.003
5423.58348,14.726,0.003
5423.62983,14.734,0.003
5423.67420,14.741,0.003
5425.49211,14.721,0.003
5425.50559,14.723,0.003
5425.52025,14.726,0.003
5425.53327,14.716,0.003
5425.54691,14.721,0.003
5426.48692,14.688,0.003
5426.50055,14.703,0.004
5426.51357,14.699,0.003
5426.52637,14.702,0.003
5426.53960,14.697,0.003
5426.59256,14.717,0.003
5426.63458,14.717,0.004
5426.69082,14.701,0.004
5430.47361,14.733,0.004
5430.48646,14.728,0.003
5430.49913,14.733,0.003
5430.51239,14.730,0.003
5430.52634,14.734,0.003
5430.54559,14.742,0.003
5430.55847,14.734,0.003
5430.57115,14.724,0.003
5430.58388,14.736,0.003
5430.59651,14.736,0.003
5430.61034,14.740,0.003
5430.62285,14.735,0.003
5430.63553,14.736,0.003
5430.64834,14.747,0.003
5430.66399,14.749,0.003
5431.47452,14.728,0.003
5431.48750,14.722,0.003
5431.50020,14.716,0.003
5431.51328,14.716,0.003
5431.52696,14.719,0.003
5431.54086,14.726,0.003
5431.55354,14.720,0.003
5431.56627,14.720,0.003
5431.57887,14.727,0.003
5431.59131,14.723,0.003
5431.60778,14.721,0.003
5431.62024,14.718,0.003
5431.63275,14.722,0.003
5431.64538,14.719,0.003
5431.65792,14.729,0.003
5431.67193,14.723,0.003
5431.68632,14.746,0.004
5432.52424,14.751,0.004
5432.54437,14.739,0.004
5432.62334,14.740,0.004
5432.63732,14.727,0.003
5432.64992,14.735,0.003
5432.66624,14.743,0.004
5433.53259,14.741,0.004
5433.62827,14.728,0.003
5433.64098,14.738,0.003
5433.66061,14.726,0.003
5433.67382,14.727,0.003
5433.68628,14.723,0.003
5434.48630,14.732,0.004
5434.50386,14.735,0.004
5434.51764,14.731,0.003
5434.53136,14.732,0.003
5434.54975,14.738,0.003
5434.56247,14.731,0.003
5434.57572,14.740,0.003
5434.58815,14.733,0.003
5434.60546,14.742,0.003
5434.61812,14.737,0.003
5434.63538,14.737,0.003
5434.64793,14.739,0.003
5434.66283,14.754,0.003
5434.67781,14.752,0.003
5434.69030,14.748,0.003
5434.70294,14.749,0.003
5435.47677,14.767,0.004
5435.48967,14.772,0.004
5435.50237,14.768,0.003
5435.51570,14.750,0.003
5435.53263,14.721,0.003
5435.54516,14.736,0.003
5435.56184,14.733,0.003
5435.59930,14.727,0.003
5435.61508,14.737,0.003
5435.63269,14.736,0.003
5435.65286,14.731,0.003
5435.66856,14.733,0.003
5435.68096,14.724,0.003
5435.69351,14.724,0.003
5435.70750,14.729,0.003
5436.47464,14.739,0.003
5436.48742,14.738,0.003
5436.50083,14.742,0.003
5436.54173,14.730,0.003
5436.58630,14.735,0.003
5436.64477,14.745,0.003
5436.65883,14.746,0.003
5436.70058,14.751,0.003
5437.48342,14.725,0.003
5437.49674,14.734,0.003
5437.54184,14.759,0.003
5437.58035,14.761,0.003
5437.62082,14.772,0.003
5437.67288,14.734,0.003
5438.49601,14.735,0.003
5438.50967,14.737,0.003
5438.52274,14.741,0.003
5438.53546,14.733,0.003
5438.57201,14.733,0.003
5438.58805,14.738,0.003
5438.63691,14.739,0.003
5438.64979,14.747,0.003
5438.66247,14.756,0.003
5438.67491,14.745,0.003
5438.68752,14.750,0.003
5438.70009,14.756,0.003
5439.48598,14.740,0.004
5439.51952,14.757,0.004
5439.53689,14.739,0.003
5439.55340,14.749,0.004
5439.56586,14.745,0.004
5439.57831,14.746,0.004
5439.59077,14.746,0.003
5439.60333,14.742,0.003
5439.61609,14.753,0.004
5439.62879,14.753,0.004
5439.64140,14.745,0.004
5439.65408,14.749,0.003
5439.67458,14.789,0.004
5439.68716,14.787,0.004
5443.49444,14.734,0.003
5443.50857,14.731,0.003
5443.52109,14.725,0.003
5443.53393,14.723,0.003
5443.54652,14.719,0.003
5443.56720,14.716,0.003
5443.57978,14.725,0.003
5443.59254,14.726,0.003
5443.60503,14.722,0.004
5443.61753,14.725,0.003
5443.63026,14.731,0.003
5443.64756,14.724,0.003
5443.65998,14.734,0.003
5443.67394,14.722,0.003
5443.68649,14.731,0.003
5444.48117,14.733,0.004
5444.50208,14.712,0.003
5444.51753,14.736,0.004
5444.53186,14.744,0.004
5444.55359,14.729,0.003
5444.56618,14.726,0.003
5444.58848,14.728,0.003
5444.60525,14.728,0.003
5444.61785,14.732,0.003
5444.63051,14.732,0.003
5444.64335,14.732,0.003
5444.65587,14.728,0.003
5444.66859,14.739,0.003
5445.47680,14.716,0.003
5445.49641,14.714,0.003
5445.53439,14.728,0.003
5445.57466,14.732,0.003
5445.62568,14.731,0.003
5445.63833,14.732,0.003
5445.65079,14.729,0.003
5445.66499,14.726,0.003
5445.67739,14.742,0.003
5446.48122,14.719,0.003
5446.49942,14.720,0.003
5446.51283,14.732,0.003
5446.53232,14.725,0.003
5446.54488,14.729,0.003
5446.55864,14.725,0.003
5446.57281,14.736,0.003
5446.58596,14.729,0.003
5446.59850,14.732,0.003
5446.61151,14.729,0.003
5446.62399,14.739,0.003
5446.63760,14.737,0.003
5446.65134,14.734,0.003
5446.66395,14.729,0.003
5447.47152,14.733,0.004
5447.48494,14.721,0.003
5447.49981,14.721,0.003
5447.51601,14.727,0.003
5447.52846,14.730,0.003
5447.54252,14.726,0.003
5447.55518,14.725,0.003
5447.56763,14.731,0.003
5448.47372,14.726,0.004
5448.48709,14.726,0.003
5448.50572,14.728,0.003
5448.51852,14.721,0.003
5448.53121,14.730,0.003
5448.54443,14.730,0.003
5448.55917,14.733,0.003
5448.57265,14.732,0.003
5448.61438,14.713,0.003
5448.66030,14.721,0.003
5449.47489,14.741,0.004
5449.48805,14.756,0.004
5449.50049,14.737,0.003
5449.51325,14.737,0.003
5449.52875,14.738,0.003
5449.54425,14.731,0.003
5450.49071,14.724,0.003
5450.50342,14.730,0.003
5450.51602,14.732,0.003
5450.52843,14.733,0.003
5450.54104,14.735,0.004
5450.55354,14.738,0.003
5450.56649,14.722,0.003
5450.58027,14.725,0.003
5450.60220,14.721,0.003
5450.61478,14.734,0.003
5450.62926,14.737,0.003
5450.64210,14.729,0.003
5450.65550,14.733,0.003
5451.48966,14.739,0.003
5451.50218,14.713,0.003
5451.51592,14.733,0.003
5451.52835,14.733,0.003
5451.62979,14.719,0.003
5451.64490,14.756,0.003
5451.65821,14.742,0.003
5453.52916,14.739,0.004
5453.62134,14.737,0.003
5457.51506,14.727,0.003
5457.58555,14.733,0.003
5457.62627,14.733,0.003
5458.50371,14.719,0.003
5458.57070,14.721,0.003
5459.47829,14.737,0.003
5459.53373,14.725,0.003
5459.57746,14.733,0.003
5459.61807,14.751,0.003
5460.52329,14.734,0.003
5460.56381,14.750,0.003
5461.49274,14.755,0.004
5461.52481,14.757,0.003
5461.56640,14.744,0.003
5461.61844,14.751,0.004
5462.51056,14.721,0.003
5462.59410,14.717,0.003
5463.48774,14.709,0.003
5463.53000,14.711,0.003
5464.48003,14.732,0.004
5464.52185,14.727,0.003
5465.48117,14.731,0.004
5466.53774,14.729,0.003
5468.52711,14.722,0.004
5468.53295,14.741,0.004
5469.54895,14.740,0.003
5470.58753,14.728,0.003
5471.57163,14.739,0.003
5472.52774,14.740,0.004
5473.48684,14.736,0.004
5473.58009,14.725,0.003
5477.51814,14.721,0.003
5478.54133,14.722,0.003
5480.54540,14.735,0.004
5481.51564,14.735,0.003
5485.55993,14.745,0.004
5486.54786,14.706,0.003
5487.53066,14.731,0.003
5488.51794,14.716,0.003
5489.50426,14.726,0.003
5490.50439,14.758,0.004
5491.49913,14.739,0.004
5494.50778,14.733,0.004
5495.52139,14.728,0.003
5497.52390,14.729,0.003
5499.52397,14.777,0.004
5504.50909,14.745,0.004
5595.87791,14.711,0.004
5596.86436,14.722,0.003
5598.85913,14.734,0.003
5599.87094,14.778,0.003
5600.86542,14.728,0.003
5600.88878,14.732,0.003
5601.89033,14.733,0.004
5602.86287,14.739,0.003
5604.87108,14.734,0.003
5605.86915,14.713,0.003
5606.86691,14.729,0.003
5607.87120,14.723,0.003
5608.86611,14.743,0.003
5610.89137,14.738,0.003
5614.85119,14.768,0.003
5615.85948,14.736,0.003
5616.85220,14.744,0.003
5617.88820,14.710,0.004
5620.84035,14.730,0.003
5621.84305,14.729,0.003
5622.87766,14.898,0.003
5624.83607,14.721,0.003
5625.81526,14.739,0.003
5626.80993,14.891,0.004
5627.83950,14.735,0.003
5628.85023,14.731,0.003
5629.81843,14.767,0.003
5630.79583,14.723,0.003
5631.82129,14.755,0.004
5632.83088,14.736,0.003
5633.78811,14.730,0.003
5634.84297,14.735,0.003
5635.85104,14.726,0.003
5637.81050,14.735,0.003
5638.79033,14.730,0.003
5639.77022,14.734,0.003
5639.84600,14.722,0.003
5640.77622,14.735,0.003
5640.81440,14.726,0.003
5640.85263,14.726,0.003
5640.90237,14.731,0.003
5641.76604,14.729,0.003
5641.80908,14.725,0.003
5641.89084,14.733,0.003
5642.76950,14.731,0.003
5642.83037,14.721,0.003
5642.89023,14.723,0.003
5643.75409,14.736,0.003
5643.79226,14.730,0.003
5643.85212,14.732,0.003
5643.89297,14.724,0.003
5644.75797,14.771,0.003
5644.80017,14.742,0.003
5644.87455,14.728,0.003
5647.80029,14.726,0.003
5647.87139,14.735,0.003
5647.88738,14.723,0.003
5647.90578,14.741,0.003
5648.74379,14.732,0.003
5648.80633,14.723,0.003
5648.85034,14.725,0.003
5648.89360,14.729,0.003
5649.74961,14.718,0.003
5649.78881,14.726,0.003
5649.85624,14.728,0.003
5649.89473,14.720,0.003
5650.74457,14.730,0.003
5650.78067,14.721,0.003
5650.84303,14.722,0.003
5650.88719,14.726,0.003
5651.76232,14.728,0.003
5651.80497,14.726,0.003
5651.87563,14.717,0.003
5652.73467,14.728,0.003
5652.74240,14.731,0.003
5652.80383,14.719,0.003
5652.84614,14.717,0.003
5653.87836,14.719,0.003
5653.89145,14.721,0.003
5706.58754,14.732,0.004
5787.63368,14.725,0.003
5802.55907,14.714,0.003
5802.57442,14.721,0.003
5802.58716,14.724,0.004
5807.54886,14.718,0.003
5807.56330,14.731,0.003
5807.57750,14.731,0.004
5807.59043,14.712,0.003
5807.60556,14.736,0.004
5807.62006,14.728,0.003
5807.63274,14.707,0.003
5871.50256,14.720,0.003
6097.88819,14.737,0.003
6097.90094,14.736,0.003
6114.77890,14.717,0.003
6141.70461,14.724,0.003
6141.74314,14.730,0.003
6141.76864,14.727,0.003
6141.77962,14.745,0.003
6221.51128,14.712,0.003
6221.51969,14.725,0.004
6223.53576,14.738,0.003
6224.51446,14.765,0.003
6226.51338,14.753,0.003
6227.54075,14.786,0.003
6234.50678,14.729,0.003
6238.51131,14.689,0.004
6239.51334,14.705,0.003
6242.50856,14.711,0.004
6407.91098,14.717,0.003
6407.92358,14.725,0.003
6415.92480,14.715,0.003
6416.92524,14.710,0.003
6420.91867,14.725,0.003
6420.93203,14.736,0.003
6421.88555,14.721,0.003
6421.91348,14.727,0.003
6421.92604,14.728,0.003
6422.92093,14.733,0.003
6423.86104,14.742,0.003
6423.87399,14.727,0.003
6423.88680,14.730,0.003
6423.89963,14.730,0.003
6423.91235,14.730,0.003
6423.92481,14.727,0.003
6423.93738,14.734,0.003
6424.86987,14.727,0.003
6424.88367,14.718,0.003
6424.90278,14.728,0.003
6426.86137,14.718,0.003
6426.87474,14.724,0.003
6426.88833,14.724,0.003
6426.90194,14.720,0.003
6426.91550,14.720,0.003
6426.92894,14.718,0.003
6428.90320,14.727,0.003
6428.91668,14.727,0.003
6428.93061,14.723,0.003
6431.84813,14.731,0.003
6431.86146,14.730,0.003
6431.87490,14.732,0.003
6431.88868,14.739,0.003
6431.90216,14.736,0.003
6431.91544,14.740,0.003
6431.92917,14.735,0.003
6432.84600,14.718,0.003
6435.85752,14.717,0.003
6435.87213,14.729,0.003
6435.88589,14.727,0.003
6435.90077,14.724,0.003
6435.91404,14.727,0.003
6435.92753,14.734,0.003
6435.94090,14.733,0.003
6436.83261,14.732,0.003
6436.84600,14.730,0.003
6436.94311,14.739,0.003
6437.88695,14.730,0.003
6441.82765,14.725,0.003
6441.84115,14.721,0.003
6441.85534,14.724,0.003
6441.87110,14.722,0.003
6441.94295,14.722,0.003
6442.89514,14.729,0.003
6442.90839,14.726,0.003
6442.92177,14.724,0.003
6442.93523,14.723,0.003
6443.86157,14.725,0.003
6444.80761,14.723,0.003
6444.82114,14.726,0.003
6444.91731,14.733,0.003
6445.80156,14.724,0.003
6445.81670,14.729,0.003
6445.83181,14.735,0.003
6445.84684,14.735,0.003
6445.86196,14.727,0.003
6445.87695,14.732,0.003
6445.89208,14.743,0.003
6445.90955,14.740,0.003
6445.92450,14.738,0.003
6445.93960,14.726,0.003
6446.81886,14.716,0.003
6446.83250,14.730,0.003
6446.84604,14.732,0.003
6446.85989,14.732,0.003
6446.93914,14.741,0.003
6447.81570,14.731,0.003
6447.82909,14.732,0.003
6447.84236,14.737,0.003
6447.85582,14.726,0.003
6447.86949,14.725,0.003
6447.88288,14.729,0.003
6447.89635,14.739,0.003
6448.80348,14.734,0.003
6448.91421,14.719,0.003
6448.92778,14.738,0.003
6450.88223,14.724,0.003
6450.89589,14.740,0.003
6450.91261,14.742,0.003
6450.92768,14.742,0.003
6452.82931,14.717,0.003
6452.91193,14.733,0.003
6452.92352,14.732,0.003
6456.81093,14.715,0.003
6457.78470,14.721,0.003
6457.79833,14.729,0.003
6457.88023,14.731,0.003
6457.89549,14.734,0.003
6457.90754,14.744,0.003
6458.75306,14.722,0.003
6458.76670,14.725,0.003
6458.84857,14.724,0.003
6458.90647,14.744,0.003
6459.78027,14.730,0.003
6459.79427,14.714,0.003
6459.80773,14.722,0.003
6459.82132,14.724,0.003
6459.88954,14.716,0.003
6459.90295,14.729,0.003
6460.89763,14.719,0.003
6461.88381,14.720,0.003
6461.88905,14.729,0.003
6461.89411,14.716,0.003
6461.89927,14.733,0.003
6461.90447,14.731,0.003
6461.90955,14.731,0.003
6461.91130,14.741,0.003
6461.91301,14.731,0.003
6462.88237,14.732,0.003
6462.89566,14.725,0.003
6463.87867,14.741,0.003
6463.89204,14.745,0.003
6464.75100,14.766,0.003
6464.81567,14.748,0.003
6464.87261,14.740,0.003
6464.88594,14.735,0.003
6468.73753,14.727,0.003
6468.75102,14.718,0.003
6468.77405,14.722,0.003
6468.79722,14.728,0.003
6468.81081,14.738,0.003
6468.82435,14.747,0.003
6469.73962,14.721,0.003
6469.75325,14.721,0.003
6469.76660,14.721,0.003
6469.78007,14.720,0.003
6469.87058,14.753,0.003
6469.87946,14.745,0.003
6471.74404,14.720,0.003
6471.75584,14.721,0.003
6472.74500,14.731,0.003
6472.75855,14.720,0.003
6472.77207,14.742,0.003
6472.78562,14.732,0.003
6472.79913,14.728,0.003
6472.81256,14.732,0.003
6472.82621,14.743,0.003
6472.83973,14.734,0.003
6472.85844,14.742,0.003
6473.73150,14.718,0.003
6473.74522,14.722,0.003
6473.75872,14.716,0.003
6473.77253,14.714,0.003
6473.78626,14.714,0.003
6473.79959,14.726,0.003
6473.81293,14.729,0.003
6473.82648,14.729,0.003
6473.83997,14.726,0.003
6473.85357,14.722,0.003
6473.86536,14.714,0.003
6473.87531,14.717,0.003
6474.76594,14.725,0.003
6474.77944,14.714,0.003
6474.79294,14.714,0.003
6474.80625,14.724,0.003
6474.81982,14.726,0.003
6474.83311,14.726,0.003
6474.84647,14.736,0.003
6474.86017,14.728,0.003
6474.87223,14.734,0.003
6475.74201,14.727,0.003
6475.75544,14.728,0.003
6475.76888,14.730,0.003
6475.78253,14.723,0.003
6475.79749,14.720,0.003
6475.81095,14.737,0.003
6475.82432,14.744,0.003
6475.83784,14.716,0.003
6475.85200,14.730,0.003
6475.86557,14.736,0.003
6476.72430,14.723,0.003
6476.73808,14.719,0.003
6476.75157,14.729,0.003
6476.76510,14.728,0.003
6476.77868,14.729,0.003
6476.79214,14.732,0.003
6476.80566,14.722,0.003
6476.81936,14.724,0.003
6476.83296,14.738,0.003
6476.84703,14.728,0.003
6477.73300,14.718,0.003
6477.74636,14.726,0.003
6477.75972,14.730,0.003
6477.77341,14.732,0.003
6477.78699,14.738,0.003
6477.80083,14.735,0.003
6477.81482,14.742,0.003
6479.72040,14.757,0.003
6479.72950,14.744,0.003
6479.75639,14.754,0.003
6479.77014,14.762,0.003
6479.78951,14.760,0.003
6479.80738,14.742,0.003
6479.82107,14.732,0.003
6479.83507,14.733,0.003
6479.84564,14.730,0.003
6480.71362,14.722,0.003
6480.72725,14.717,0.003
6480.74071,14.724,0.003
6480.75436,14.744,0.003
6480.76782,14.736,0.003
6480.78118,14.730,0.003
6480.79591,14.729,0.003
6480.80943,14.750,0.003
6480.82293,14.739,0.003
6481.72219,14.718,0.003
6481.73606,14.725,0.003
6481.74973,14.729,0.003
6481.76332,14.726,0.003
6481.77858,14.725,0.003
6481.79346,14.729,0.003
6481.80698,14.733,0.003
6481.82046,14.775,0.004
6482.73458,14.719,0.003
6482.75396,14.751,0.003
6482.76683,14.722,0.003
6482.78033,14.733,0.003
6482.79713,14.734,0.003
6483.72224,14.719,0.003
6483.80884,14.719,0.003
6483.82220,14.747,0.003
6485.71318,14.725,0.003
6486.80721,14.723,0.003
6486.82067,14.732,0.003
6486.83068,14.730,0.003
6489.76230,14.716,0.003
6489.78002,14.728,0.003
6490.74713,14.726,0.003
6491.71188,14.721,0.003
6491.72690,14.729,0.003
6491.74032,14.731,0.003
6491.75391,14.731,0.003
6491.76922,14.728,0.003
6491.78276,14.727,0.003
6491.79896,14.728,0.003
6491.81233,14.727,0.003
6496.77301,14.758,0.003
6496.78776,14.765,0.003
6497.77918,14.724,0.003
6497.79091,14.740,0.003
6498.71671,14.724,0.003
6498.73083,14.730,0.003
6498.74493,14.731,0.003
6498.75885,14.737,0.003
6498.77648,14.728,0.003
6498.78684,14.731,0.003
6500.66141,14.729,0.003
6500.67595,14.722,0.003
6501.64684,14.716,0.003
6501.66069,14.732,0.003
6501.67459,14.725,0.003
6501.68837,14.724,0.003
6501.70318,14.724,0.003
6501.71705,14.728,0.003
6501.73188,14.733,0.003
6501.74611,14.743,0.003
6501.75989,14.732,0.003
6501.77462,14.735,0.003
6504.67657,14.723,0.003
6504.69003,14.735,0.003
6504.70444,14.737,0.003
6504.71905,14.731,0.003
6504.73278,14.721,0.003
6504.74676,14.740,0.003
6505.65992,14.732,0.003
6505.67346,14.721,0.003
6505.68727,14.729,0.003
6505.75802,14.752,0.003
6505.77084,14.739,0.003
6505.78313,14.751,0.003
6506.68118,14.722,0.003
6506.71951,14.713,0.003
6506.73323,14.723,0.003
6506.74684,14.721,0.003
6506.76062,14.733,0.003
6507.70398,14.739,0.003
6507.71839,14.744,0.003
6507.73194,14.747,0.003
6507.75500,14.753,0.003
6508.58008,14.702,0.003
6508.66913,14.711,0.003
6508.68293,14.727,0.003
6508.69660,14.725,0.003
6508.71122,14.724,0.003
6508.77091,14.729,0.003
6509.66213,14.765,0.003
6509.67603,14.755,0.003
6509.68987,14.757,0.003
6509.70347,14.744,0.003
6509.71853,14.728,0.003
6509.73242,14.735,0.003
6509.74606,14.729,0.003
6509.75994,14.734,0.003
6511.75087,14.754,0.003
6514.72371,14.726,0.003
6514.74507,14.736,0.003
6515.60425,14.723,0.003
6515.62004,14.725,0.003
6515.64126,14.716,0.003
6516.62807,14.720,0.003
6523.52244,14.731,0.003
6523.53538,14.739,0.003
6523.54783,14.737,0.003
6523.56003,14.738,0.003
6523.57173,14.736,0.003
6523.58536,14.739,0.003
6523.59735,14.735,0.003
6523.61076,14.731,0.003
6523.62437,14.724,0.003
6523.63802,14.717,0.003
6523.65147,14.728,0.003
6523.66502,14.728,0.003
6523.67845,14.731,0.003
6523.69289,14.725,0.003
6523.70698,14.726,0.003
6524.54694,14.755,0.003
6524.56286,14.769,0.003
6524.65975,14.716,0.003
6525.58070,14.734,0.003
6529.60581,14.717,0.003
6529.62119,14.743,0.003
6529.63487,14.746,0.003
6529.64868,14.733,0.003
6529.66234,14.708,0.003
6530.65796,14.698,0.003
6531.56021,14.715,0.003
6531.62530,14.720,0.003
6531.64116,14.718,0.003
6531.65662,14.722,0.003
6534.59340,14.717,0.003
6534.60668,14.708,0.003
6534.62033,14.724,0.003
6534.63366,14.724,0.003
6534.64960,14.719,0.003
6535.57958,14.721,0.003
6535.59855,14.738,0.003
6535.62358,14.730,0.003
6536.58884,14.725,0.003
6536.60233,14.726,0.003
6536.61673,14.720,0.003
6536.63135,14.723,0.003
6538.54817,14.728,0.003
6538.56370,14.727,0.003
6538.57913,14.734,0.003
6538.59265,14.737,0.003
6538.60608,14.737,0.003
6539.55485,14.771,0.003
6539.57500,14.749,0.003
6539.59840,14.745,0.003
6539.61551,14.730,0.003
6539.63455,14.743,0.003
6539.65654,14.734,0.003
6539.67214,14.728,0.003
6541.55194,14.727,0.003
6541.56815,14.715,0.003
6541.58629,14.726,0.003
6541.59985,14.736,0.003
6541.61344,14.754,0.003
6541.63177,14.757,0.003
6543.55195,14.728,0.003
6543.56527,14.716,0.003
6543.57972,14.724,0.003
6543.59691,14.723,0.003
6543.61046,14.737,0.003
6543.62405,14.737,0.003
6543.63747,14.730,0.003
6543.65083,14.733,0.003
6544.53935,14.718,0.003
6544.55288,14.701,0.003
6544.56617,14.725,0.003
6544.57996,14.721,0.003
6544.59533,14.727,0.003
6545.53780,14.708,0.003
6545.55177,14.722,0.003
6545.56867,14.724,0.003
6545.58282,14.720,0.003
6545.60029,14.723,0.003
6545.61460,14.719,0.003
6545.62855,14.731,0.003
6545.64265,14.727,0.003
6546.60502,14.722,0.003
6546.63049,14.735,0.003
6546.65087,14.715,0.003
6547.56357,14.693,0.003
6547.58280,14.731,0.003
6547.59732,14.711,0.003
6547.61070,14.706,0.003
6547.63918,14.718,0.003
6551.55743,14.720,0.003
6551.57269,14.745,0.003
6551.58624,14.750,0.003
6552.54964,14.720,0.003
6552.57281,14.738,0.003
6552.61180,14.742,0.003
6555.62084,14.737,0.003
6555.63414,14.722,0.003
6555.64840,14.715,0.003
6556.61255,14.772,0.003
6556.63417,14.764,0.003
6558.52120,14.714,0.003
6558.53476,14.736,0.003
6558.54850,14.730,0.003
6558.56179,14.725,0.003
6558.57855,14.716,0.003
6558.59225,14.730,0.003
6558.61469,14.732,0.003
6558.63193,14.731,0.003
6559.61362,14.710,0.003
6560.49909,14.735,0.003
6560.52153,14.729,0.003
6560.53507,14.734,0.003
6560.55184,14.738,0.003
6560.56520,14.734,0.003
6560.58182,14.736,0.003
6560.60116,14.732,0.003
6560.62102,14.730,0.003
6560.63638,14.734,0.003
6561.50891,14.725,0.003
6561.52560,14.715,0.003
6561.53896,14.726,0.003
6561.55253,14.732,0.003
6561.56601,14.735,0.003
6561.61970,14.724,0.003
6562.55473,14.724,0.003
6562.61500,14.731,0.003
6562.62904,14.747,0.003
6563.56887,14.738,0.003
6563.61494,14.728,0.003
6564.54825,14.723,0.003
6564.59298,14.736,0.003
6565.57054,14.725,0.003
6565.61336,14.730,0.003
6567.55023,14.735,0.003
6568.54504,14.743,0.003
6568.58897,14.735,0.003
6569.58612,14.731,0.003
6571.57641,14.771,0.003
6573.55988,14.729,0.003
6579.56712,14.758,0.003
6581.53084,14.743,0.003
6582.54787,14.717,0.003
6583.53839,14.752,0.003
6584.54004,14.754,0.003
6585.54262,14.760,0.003
6586.49521,14.799,0.004
6590.53213,14.758,0.003
6590.55115,14.752,0.003
6759.89734,14.723,0.003
6764.91747,14.723,0.003
6804.83117,14.716,0.003
6807.81973,14.734,0.004
6809.78707,14.723,0.003
6813.83033,14.725,0.003
6813.86632,14.716,0.003
6836.68356,14.730,0.003
6836.69866,14.737,0.003
6836.71485,14.738,0.003
6836.73068,14.728,0.003
6836.74562,14.748,0.003
6836.76047,14.733,0.003
6836.77510,14.738,0.003
6836.78987,14.736,0.003
6836.80445,14.736,0.003
6837.75686,14.723,0.003
6837.77161,14.731,0.003
6841.74284,14.731,0.004
6841.77222,14.725,0.004
6841.78707,14.752,0.003
6856.63702,14.744,0.003
6856.65192,14.724,0.003
6856.66659,14.742,0.003
6863.61236,14.719,0.003
6863.62702,14.717,0.003
6863.64178,14.724,0.003
6863.65686,14.727,0.003
7171.83780,14.738,0.003
7219.71392,14.729,0.003
7219.72864,14.722,0.003
7226.69569,14.713,0.003
7226.72456,14.707,0.003
7226.78149,14.727,0.003
7233.65502,14.754,0.003
7265.57038,14.762,0.003
7273.56041,14.736,0.003
7273.59072,14.721,0.003
7275.68034,14.753,0.004
7416.87904,14.736,0.004
7424.86944,14.727,0.003
7425.86495,14.748,0.003
7427.85818,14.754,0.003
7523.87906,14.731,0.003
7523.90727,14.740,0.003
7523.92134,14.742,0.003
7523.93539,14.739,0.003
7536.84430,14.735,0.003
7536.87246,14.764,0.003
7536.91916,14.728,0.003
7545.89170,14.729,0.003
7545.90562,14.726,0.003
7545.93416,14.734,0.003
7546.81561,14.726,0.003
7546.82964,14.729,0.003
7546.84377,14.740,0.003
7546.85788,14.730,0.003
7546.87186,14.735,0.003
7546.88585,14.732,0.003
7546.89986,14.728,0.003
7546.91398,14.739,0.003
7546.92795,14.747,0.003
7546.93884,14.740,0.003
7549.90402,14.707,0.003
7549.91800,14.722,0.003
7549.93050,14.735,0.003
7550.92540,14.750,0.004
7561.57316,14.732,0.003
7561.59007,14.721,0.003
7583.81015,14.749,0.004
7584.70434,14.735,0.003
7584.71717,14.740,0.003
7584.72992,14.734,0.003
7584.75318,14.728,0.003
7584.76736,14.729,0.003
7584.78025,14.740,0.003
7584.79296,14.738,0.003
7584.80653,14.743,0.003
7584.81960,14.736,0.003
7584.82636,14.738,0.003
7589.72061,14.699,0.003
7589.74150,14.710,0.003
7589.75410,14.722,0.003
7589.76702,14.725,0.004
7589.77975,14.727,0.003
7589.79240,14.733,0.003
7589.80454,14.730,0.003
7590.71776,14.717,0.003
7590.73014,14.728,0.003
7590.75726,14.721,0.003
7590.80293,14.727,0.003
7593.72308,14.706,0.003
7593.74894,14.719,0.003
7593.76138,14.719,0.003
7593.77383,14.728,0.003
7593.78640,14.718,0.003
7593.79423,14.729,0.003
7593.80215,14.687,0.003
7600.77402,14.677,0.003
7617.72865,14.680,0.004
7618.73008,14.729,0.003
7623.71097,14.730,0.003
7636.55935,14.725,0.003
7636.57411,14.717,0.003
7870.76868,14.726,0.003
7874.93331,14.725,0.003
7875.92249,14.738,0.003
7876.89004,14.719,0.003
7881.92109,14.724,0.004
7882.87367,14.757,0.003
7904.81539,14.728,0.003
7917.82933,14.735,0.003
7923.73551,14.700,0.004
7932.84429,14.729,0.003
7945.67395,14.730,0.003
7954.68562,14.729,0.003
7958.63509,14.734,0.003
7960.61841,14.733,0.003
7960.66951,14.750,0.003
8272.91922,14.723,0.003
8273.81018,14.729,0.003
8273.88493,14.729,0.003
8276.82585,14.743,0.003
8276.87483,14.726,0.003
8277.82934,14.760,0.003
8277.88213,14.771,0.003
8277.92560,14.777,0.003
8283.82354,14.717,0.003
8283.92022,14.735,0.003
8284.77706,14.736,0.003
8284.82491,14.730,0.003
8290.74732,14.773,0.003
8301.76891,14.731,0.003
8302.71072,14.711,0.004
8305.72530,14.730,0.003
8320.79101,14.719,0.003
8328.66299,14.725,0.003
8328.71092,14.721,0.003
8328.75759,14.732,0.003
8329.68372,14.719,0.003
8329.72976,14.727,0.003
8329.77437,14.736,0.003
8332.64792,14.719,0.003
8332.69445,14.733,0.003
8353.62594,14.719,0.003
8360.67964,14.713,0.003
8660.78413,14.729,0.003
